message,response_time_ms,ber,nack
PSTART 20-05-2020 16:40:01 83 PSTOP,313,0,0
PSTART 20-05-2020 16:40:01 84 PSTOP,317,0,0
PSTART 20-05-2020 16:40:02 85 PSTOP,319,0,0
PSTART 20-05-2020 16:40:02 86 PSTOP,309,0,0
PSTART 20-05-2020 16:40:02 87 PSTOP,311,0,0
PSTART 20-05-2020 16:40:03 88 PSTOP,311,0,0
PSTART 20-05-2020 16:40:03 89 PSTOP,312,0,0
PSTART 20-05-2020 16:40:03 90 PSTOP,310,0,0
PSTART 20-05-2020 16:40:04 91 PSTOP,314,0,0
PSTART 20-05-2020 16:40:04 92 PSTOP,313,0,0
PSTART 20-05-2020 16:40:04 93 PSTOP,313,0,0
PSTART 20-05-2020 16:40:04 94 PSTOP,314,0,0
PSTART 20-05-2020 16:40:05 95 PSTOP,310,0,0
PSTART 20-05-2020 16:40:05 96 PSTOP,314,0,0
PSTART 20-05-2020 16:40:05 97 PSTOP,315,0,0
PSTART 20-05-2020 16:40:06 98 PSTOP,312,0,0
PSTART 20-05-2020 16:40:06 99 PSTOP,314,0,0
PSTART 20-05-2020 16:40:06 00 PSTOP,314,0,0
PSTART 20-05-2020 16:40:07 01 PSTOP,314,0,0
PSTART 20-05-2020 16:40:07 02 PSTOP,309,0,0
PSTART 20-05-2020 16:40:07 03 PSTOP,315,0,0
PSTART 20-05-2020 16:40:08 04 PSTOP,313,0,0
PSTART 20-05-2020 16:40:08 05 PSTOP,315,0,0
PSTART 20-05-2020 16:40:08 06 PSTOP,312,0,0
PSTART 20-05-2020 16:40:09 07 PSTOP,329,0,0
PSTART 20-05-2020 16:40:09 08 PSTOP,448,0,0
PSTART 20-05-2020 16:40:09 09 PSTOP,449,0,0
PSTART 20-05-2020 16:40:10 10 PSTOP,448,0,0
PSTART 20-05-2020 16:40:10 11 PSTOP,449,0,0
PSTART 20-05-2020 16:40:11 12 PSTOP,448,0,0
PSTART 20-05-2020 16:40:11 13 PSTOP,449,0,0
PSTART 20-05-2020 16:40:12 14 PSTOP,449,0,0
PSTART 20-05-2020 16:40:12 15 PSTOP,449,0,0
PSTART 20-05-2020 16:40:12 16 PSTOP,449,0,0
PSTART 20-05-2020 16:40:13 17 PSTOP,380,0,0
PSTART 20-05-2020 16:40:13 18 PSTOP,315,0,0
PSTART 20-05-2020 16:40:14 19 PSTOP,314,0,0
PSTART 20-05-2020 16:40:14 20 PSTOP,314,0,0
PSTART 20-05-2020 16:40:14 21 PSTOP,313,0,0
PSTART 20-05-2020 16:40:15 22 PSTOP,316,0,0
PSTART 20-05-2020 16:40:15 23 PSTOP,313,0,0
PSTART 20-05-2020 16:40:15 24 PSTOP,313,0,0
PSTART 20-05-2020 16:40:16 25 PSTOP,318,0,0
PSTART 20-05-2020 16:40:16 26 PSTOP,316,0,0
PSTART 20-05-2020 16:40:16 27 PSTOP,309,0,0
PSTART 20-05-2020 16:40:16 28 PSTOP,312,0,0
PSTART 20-05-2020 16:40:17 29 PSTOP,362,0,0
PSTART 20-05-2020 16:40:17 30 PSTOP,382,0,0
PSTART 20-05-2020 16:40:18 31 PSTOP,379,0,0
PSTART 20-05-2020 16:40:18 32 PSTOP,379,0,0
PSTART 20-05-2020 16:40:18 33 PSTOP,379,0,0
PSTART 20-05-2020 16:40:19 34 PSTOP,382,0,0
PSTART 20-05-2020 16:40:19 35 PSTOP,382,0,0
PSTART 20-05-2020 16:40:19 36 PSTOP,382,0,0
PSTART 20-05-2020 16:40:20 37 PSTOP,382,0,0
PSTART 20-05-2020 16:40:20 38 PSTOP,379,0,0
PSTART 20-05-2020 16:40:21 39 PSTOP,378,0,0
PSTART 20-05-2020 16:40:21 40 PSTOP,382,0,0
PSTART 20-05-2020 16:40:21 41 PSTOP,381,0,0
PSTART 20-05-2020 16:40:22 42 PSTOP,380,0,0
PSTART 20-05-2020 16:40:22 43 PSTOP,379,0,0
PSTART 20-05-2020 16:40:22 44 PSTOP,382,0,0
PSTART 20-05-2020 16:40:23 45 PSTOP,379,0,0
PSTART 20-05-2020 16:40:23 46 PSTOP,379,0,0
PSTART 20-05-2020 16:40:24 47 PSTOP,383,0,0
PSTART 20-05-2020 16:40:24 48 PSTOP,379,0,0
PSTART 20-05-2020 16:40:24 49 PSTOP,381,0,0
PSTART 20-05-2020 16:40:25 50 PSTOP,380,0,0
PSTART 20-05-2020 16:40:25 51 PSTOP,383,0,0
PSTART 20-05-2020 16:40:25 52 PSTOP,380,0,0
PSTART 20-05-2020 16:40:26 53 PSTOP,382,0,0
PSTART 20-05-2020 16:40:26 54 PSTOP,384,0,0
PSTART 20-05-2020 16:40:27 55 PSTOP,380,0,0
PSTART 20-05-2020 16:40:27 56 PSTOP,382,0,0
PSTART 20-05-2020 16:40:27 57 PSTOP,383,0,0
PSTART 20-05-2020 16:40:28 58 PSTOP,388,0,0
PSTART 20-05-2020 16:40:28 59 PSTOP,356,0,0
PSTART 20-05-2020 16:40:29 60 PSTOP,344,0,0
PSTART 20-05-2020 16:40:29 61 PSTOP,344,0,0
PSTART 20-05-2020 16:40:29 62 PSTOP,348,0,0
PSTART 20-05-2020 16:40:30 63 PSTOP,352,0,0
PSTART 20-05-2020 16:40:30 64 PSTOP,349,0,0
PSTART 20-05-2020 16:40:30 65 PSTOP,347,0,0
PSTART 20-05-2020 16:40:31 66 PSTOP,354,0,0
PSTART 20-05-2020 16:40:31 67 PSTOP,384,0,0
PSTART 20-05-2020 16:40:31 68 PSTOP,381,0,0
PSTART 20-05-2020 16:40:32 69 PSTOP,380,0,0
PSTART 20-05-2020 16:40:32 70 PSTOP,381,0,0
PSTART 20-05-2020 16:40:32 71 PSTOP,379,0,0
PSTART 20-05-2020 16:40:33 72 PSTOP,380,0,0
PSTART 20-05-2020 16:40:33 73 PSTOP,387,0,0
PSTART 20-05-2020 16:40:34 74 PSTOP,444,0,0
PSTART 20-05-2020 16:40:34 75 PSTOP,446,0,0
PSTART 20-05-2020 16:40:35 76 PSTOP,450,0,0
PSTART 20-05-2020 16:40:35 77 PSTOP,451,0,0
PSTART 20-05-2020 16:40:35 78 PSTOP,448,0,0
PSTART 20-05-2020 16:40:36 79 PSTOP,453,0,0
PSTART 20-05-2020 16:40:36 80 PSTOP,448,0,0
PSTART 20-05-2020 16:40:37 81 PSTOP,451,0,0
PSTART 20-05-2020 16:40:37 82 PSTOP,445,0,0
PSTART 20-05-2020 16:40:38 83 PSTOP,415,0,0
PSTART 20-05-2020 16:40:38 84 PSTOP,415,0,0
PSTART 20-05-2020 16:40:39 85 PSTOP,413,0,0
PSTART 20-05-2020 16:40:39 86 PSTOP,419,0,0
PSTART 20-05-2020 16:40:39 87 PSTOP,438,0,0
PSTART 20-05-2020 16:40:40 88 PSTOP,449,0,0
PSTART 20-05-2020 16:40:40 89 PSTOP,449,0,0
PSTART 20-05-2020 16:40:41 90 PSTOP,447,0,0
PSTART 20-05-2020 16:40:41 91 PSTOP,449,0,0
PSTART 20-05-2020 16:40:42 92 PSTOP,451,0,0
PSTART 20-05-2020 16:40:42 93 PSTOP,452,0,0
PSTART 20-05-2020 16:40:42 94 PSTOP,448,0,0
PSTART 20-05-2020 16:40:43 95 PSTOP,449,0,0
PSTART 20-05-2020 16:40:43 96 PSTOP,451,0,0
PSTART 20-05-2020 16:40:44 97 PSTOP,451,0,0
PSTART 20-05-2020 16:40:44 98 PSTOP,447,0,0
PSTART 20-05-2020 16:40:45 99 PSTOP,449,0,0
PSTART 20-05-2020 16:40:45 00 PSTOP,451,0,0
PSTART 20-05-2020 16:40:46 01 PSTOP,369,0,0
PSTART 20-05-2020 16:40:46 02 PSTOP,353,0,0
PSTART 20-05-2020 16:40:46 03 PSTOP,347,0,0
PSTART 20-05-2020 16:40:47 04 PSTOP,347,0,0
PSTART 20-05-2020 16:40:47 05 PSTOP,354,0,0
PSTART 20-05-2020 16:40:47 06 PSTOP,356,0,0
PSTART 20-05-2020 16:40:48 07 PSTOP,445,0,0
PSTART 20-05-2020 16:40:48 08 PSTOP,450,0,0
PSTART 20-05-2020 16:40:49 09 PSTOP,450,0,0
PSTART 20-05-2020 16:40:49 10 PSTOP,455,0,0
PSTART 20-05-2020 16:40:50 11 PSTOP,449,0,0
PSTART 20-05-2020 16:40:50 12 PSTOP,450,0,0
PSTART 20-05-2020 16:40:50 13 PSTOP,449,0,0
PSTART 20-05-2020 16:40:51 14 PSTOP,450,0,0
PSTART 20-05-2020 16:40:51 15 PSTOP,454,0,0
PSTART 20-05-2020 16:40:52 16 PSTOP,450,0,0
PSTART 20-05-2020 16:40:52 17 PSTOP,450,0,0
PSTART 20-05-2020 16:40:53 18 PSTOP,432,0,0
PSTART 20-05-2020 16:40:53 19 PSTOP,381,0,0
PSTART 20-05-2020 16:40:54 20 PSTOP,378,0,0
PSTART 20-05-2020 16:40:54 21 PSTOP,382,0,0
PSTART 20-05-2020 16:40:54 22 PSTOP,382,0,0
PSTART 20-05-2020 16:40:55 23 PSTOP,379,0,0
PSTART 20-05-2020 16:40:55 24 PSTOP,385,0,0
PSTART 20-05-2020 16:40:55 25 PSTOP,382,0,0
PSTART 20-05-2020 16:40:56 26 PSTOP,382,0,0
PSTART 20-05-2020 16:40:56 27 PSTOP,379,0,0
PSTART 20-05-2020 16:40:57 28 PSTOP,380,0,0
PSTART 20-05-2020 16:40:57 29 PSTOP,380,0,0
PSTART 20-05-2020 16:40:57 30 PSTOP,388,0,0
PSTART 20-05-2020 16:40:58 31 PSTOP,385,0,0
PSTART 20-05-2020 16:40:58 32 PSTOP,381,0,0
PSTART 20-05-2020 16:40:58 33 PSTOP,383,0,0
PSTART 20-05-2020 16:40:59 34 PSTOP,383,0,0
PSTART 20-05-2020 16:40:59 35 PSTOP,381,0,0
PSTART 20-05-2020 16:41:00 36 PSTOP,1071,0,0
PSTART 20-05-2020 16:41:01 37 PSTOP,381,0,0
PSTART 20-05-2020 16:41:01 38 PSTOP,385,0,0
PSTART 20-05-2020 16:41:01 39 PSTOP,384,0,0
PSTART 20-05-2020 16:41:02 40 PSTOP,378,0,0
PSTART 20-05-2020 16:41:02 41 PSTOP,379,0,0
PSTART 20-05-2020 16:41:03 42 PSTOP,378,0,0
PSTART 20-05-2020 16:41:03 43 PSTOP,382,0,0
PSTART 20-05-2020 16:41:03 44 PSTOP,380,0,0
PSTART 20-05-2020 16:41:04 45 PSTOP,380,0,0
PSTART 20-05-2020 16:41:04 46 PSTOP,378,0,0
PSTART 20-05-2020 16:41:04 47 PSTOP,383,0,0
PSTART 20-05-2020 16:41:05 48 PSTOP,381,0,0
PSTART 20-05-2020 16:41:05 49 PSTOP,379,0,0
PSTART 20-05-2020 16:41:06 50 PSTOP,380,0,0
PSTART 20-05-2020 16:41:06 51 PSTOP,381,0,0
PSTART 20-05-2020 16:41:06 52 PSTOP,386,0,0
PSTART 20-05-2020 16:41:07 53 PSTOP,407,0,0
PSTART 20-05-2020 16:41:07 54 PSTOP,357,0,0
PSTART 20-05-2020 16:41:08 55 PSTOP,344,0,0
PSTART 20-05-2020 16:41:08 56 PSTOP,348,0,0
PSTART 20-05-2020 16:41:08 57 PSTOP,350,0,0
PSTART 20-05-2020 16:41:09 58 PSTOP,346,0,0
PSTART 20-05-2020 16:41:09 59 PSTOP,410,0,0
PSTART 20-05-2020 16:41:09 60 PSTOP,346,0,0
PSTART 20-05-2020 16:41:10 61 PSTOP,346,0,0
PSTART 20-05-2020 16:41:10 62 PSTOP,347,0,0
PSTART 20-05-2020 16:41:10 63 PSTOP,348,0,0
PSTART 20-05-2020 16:41:11 64 PSTOP,352,0,0
PSTART 20-05-2020 16:41:11 65 PSTOP,346,0,0
PSTART 20-05-2020 16:41:11 66 PSTOP,347,0,0
PSTART 20-05-2020 16:41:12 67 PSTOP,343,0,0
PSTART 20-05-2020 16:41:12 68 PSTOP,345,0,0
PSTART 20-05-2020 16:41:12 69 PSTOP,346,0,0
PSTART 20-05-2020 16:41:13 70 PSTOP,314,0,0
PSTART 20-05-2020 16:41:13 71 PSTOP,313,0,0
PSTART 20-05-2020 16:41:13 72 PSTOP,313,0,0
PSTART 20-05-2020 16:41:14 73 PSTOP,308,0,0
PSTART 20-05-2020 16:41:14 74 PSTOP,311,0,0
PSTART 20-05-2020 16:41:14 75 PSTOP,315,0,0
PSTART 20-05-2020 16:41:15 76 PSTOP,310,0,0
PSTART 20-05-2020 16:41:15 77 PSTOP,423,0,0
PSTART 20-05-2020 16:41:15 78 PSTOP,448,0,0
PSTART 20-05-2020 16:41:16 79 PSTOP,452,0,0
PSTART 20-05-2020 16:41:16 80 PSTOP,450,0,0
PSTART 20-05-2020 16:41:17 81 PSTOP,450,0,0
PSTART 20-05-2020 16:41:17 82 PSTOP,452,0,0
PSTART 20-05-2020 16:41:18 83 PSTOP,446,0,0
PSTART 20-05-2020 16:41:18 84 PSTOP,449,0,0
PSTART 20-05-2020 16:41:19 85 PSTOP,449,0,0
PSTART 20-05-2020 16:41:19 86 PSTOP,384,0,0
PSTART 20-05-2020 16:41:19 87 PSTOP,388,0,0
PSTART 20-05-2020 16:41:20 88 PSTOP,382,0,0
PSTART 20-05-2020 16:41:20 89 PSTOP,377,0,0
PSTART 20-05-2020 16:41:21 90 PSTOP,380,0,0
PSTART 20-05-2020 16:41:21 91 PSTOP,382,0,0
PSTART 20-05-2020 16:41:21 92 PSTOP,382,0,0
PSTART 20-05-2020 16:41:22 93 PSTOP,383,0,0
PSTART 20-05-2020 16:41:22 94 PSTOP,402,0,0
PSTART 20-05-2020 16:41:22 95 PSTOP,450,0,0
PSTART 20-05-2020 16:41:23 96 PSTOP,448,0,0
PSTART 20-05-2020 16:41:23 97 PSTOP,448,0,0
PSTART 20-05-2020 16:41:24 98 PSTOP,454,0,0
PSTART 20-05-2020 16:41:24 99 PSTOP,449,0,0
PSTART 20-05-2020 16:41:25 00 PSTOP,453,0,0
PSTART 20-05-2020 16:41:25 01 PSTOP,450,0,0
PSTART 20-05-2020 16:41:26 02 PSTOP,448,0,0
PSTART 20-05-2020 16:41:26 03 PSTOP,451,0,0
PSTART 20-05-2020 16:41:27 04 PSTOP,445,0,0
PSTART 20-05-2020 16:41:27 05 PSTOP,447,0,0
PSTART 20-05-2020 16:41:27 06 PSTOP,452,0,0
PSTART 20-05-2020 16:41:28 07 PSTOP,450,0,0
PSTART 20-05-2020 16:41:28 08 PSTOP,450,0,0
PSTART 20-05-2020 16:41:29 09 PSTOP,516,0,0
PSTART 20-05-2020 16:41:29 10 PSTOP,446,0,0
PSTART 20-05-2020 16:41:30 11 PSTOP,448,0,0
PSTART 20-05-2020 16:41:30 12 PSTOP,448,0,0
PSTART 20-05-2020 16:41:31 13 PSTOP,454,0,0
PSTART 20-05-2020 16:41:31 14 PSTOP,451,0,0
PSTART 20-05-2020 16:41:32 15 PSTOP,447,0,0
PSTART 20-05-2020 16:41:32 16 PSTOP,385,0,0
PSTART 20-05-2020 16:41:32 17 PSTOP,381,0,0
PSTART 20-05-2020 16:41:33 18 PSTOP,382,0,0
PSTART 20-05-2020 16:41:33 19 PSTOP,381,0,0
PSTART 20-05-2020 16:41:34 20 PSTOP,379,0,0
PSTART 20-05-2020 16:41:34 21 PSTOP,408,0,0
PSTART 20-05-2020 16:41:34 22 PSTOP,382,0,0
PSTART 20-05-2020 16:41:35 23 PSTOP,384,0,0
PSTART 20-05-2020 16:41:35 24 PSTOP,381,0,0
PSTART 20-05-2020 16:41:35 25 PSTOP,383,0,0
PSTART 20-05-2020 16:41:36 26 PSTOP,379,0,0
PSTART 20-05-2020 16:41:36 27 PSTOP,382,0,0
PSTART 20-05-2020 16:41:37 28 PSTOP,384,0,0
PSTART 20-05-2020 16:41:37 29 PSTOP,381,0,0
PSTART 20-05-2020 16:41:37 30 PSTOP,381,0,0
PSTART 20-05-2020 16:41:38 31 PSTOP,351,0,0
PSTART 20-05-2020 16:41:38 32 PSTOP,311,0,0
PSTART 20-05-2020 16:41:38 33 PSTOP,314,0,0
PSTART 20-05-2020 16:41:39 34 PSTOP,311,0,0
PSTART 20-05-2020 16:41:39 35 PSTOP,316,0,0
PSTART 20-05-2020 16:41:39 36 PSTOP,321,0,0
PSTART 20-05-2020 16:41:40 37 PSTOP,316,0,0
PSTART 20-05-2020 16:41:40 38 PSTOP,309,0,0
PSTART 20-05-2020 16:41:40 39 PSTOP,315,0,0
PSTART 20-05-2020 16:41:41 40 PSTOP,368,0,0
PSTART 20-05-2020 16:41:41 41 PSTOP,451,0,0
PSTART 20-05-2020 16:41:41 42 PSTOP,448,0,0
PSTART 20-05-2020 16:41:42 43 PSTOP,453,0,0
PSTART 20-05-2020 16:41:42 44 PSTOP,447,0,0
PSTART 20-05-2020 16:41:43 45 PSTOP,451,0,0
PSTART 20-05-2020 16:41:43 46 PSTOP,450,0,0
PSTART 20-05-2020 16:41:44 47 PSTOP,458,0,0
PSTART 20-05-2020 16:41:44 48 PSTOP,446,0,0
PSTART 20-05-2020 16:41:45 49 PSTOP,448,0,0
PSTART 20-05-2020 16:41:45 50 PSTOP,449,0,0
PSTART 20-05-2020 16:41:45 51 PSTOP,385,0,0
PSTART 20-05-2020 16:41:46 52 PSTOP,383,0,0
PSTART 20-05-2020 16:41:46 53 PSTOP,381,0,0
PSTART 20-05-2020 16:41:47 54 PSTOP,381,0,0
PSTART 20-05-2020 16:41:47 55 PSTOP,379,0,0
PSTART 20-05-2020 16:41:47 56 PSTOP,380,0,0
PSTART 20-05-2020 16:41:48 57 PSTOP,381,0,0
PSTART 20-05-2020 16:41:48 58 PSTOP,383,0,0
PSTART 20-05-2020 16:41:49 59 PSTOP,423,0,0
PSTART 20-05-2020 16:41:49 60 PSTOP,380,0,0
PSTART 20-05-2020 16:41:49 61 PSTOP,380,0,0
PSTART 20-05-2020 16:41:50 62 PSTOP,380,0,0
PSTART 20-05-2020 16:41:50 63 PSTOP,379,0,0
PSTART 20-05-2020 16:41:50 64 PSTOP,387,0,0
PSTART 20-05-2020 16:41:51 65 PSTOP,381,0,0
PSTART 20-05-2020 16:41:51 66 PSTOP,382,0,0
PSTART 20-05-2020 16:41:52 67 PSTOP,381,0,0
PSTART 20-05-2020 16:41:52 68 PSTOP,382,0,0
PSTART 20-05-2020 16:41:52 69 PSTOP,382,0,0
PSTART 20-05-2020 16:41:53 70 PSTOP,385,0,0
PSTART 20-05-2020 16:41:53 71 PSTOP,381,0,0
PSTART 20-05-2020 16:41:54 72 PSTOP,383,0,0
PSTART 20-05-2020 16:41:54 73 PSTOP,542,0,0
PSTART 20-05-2020 16:41:54 74 PSTOP,390,0,0
PSTART 20-05-2020 16:41:55 75 PSTOP,380,0,0
PSTART 20-05-2020 16:41:55 76 PSTOP,398,0,0
PSTART 20-05-2020 16:41:56 77 PSTOP,380,0,0
PSTART 20-05-2020 16:41:56 78 PSTOP,384,0,0
PSTART 20-05-2020 16:41:56 79 PSTOP,383,0,0
PSTART 20-05-2020 16:41:57 80 PSTOP,383,0,0
PSTART 20-05-2020 16:41:57 81 PSTOP,382,0,0
PSTART 20-05-2020 16:41:58 82 PSTOP,384,0,0
PSTART 20-05-2020 16:41:58 83 PSTOP,378,0,0
PSTART 20-05-2020 16:41:58 84 PSTOP,379,0,0
PSTART 20-05-2020 16:41:59 85 PSTOP,381,0,0
PSTART 20-05-2020 16:41:59 86 PSTOP,387,0,0
PSTART 20-05-2020 16:41:59 87 PSTOP,379,0,0
PSTART 20-05-2020 16:42:00 88 PSTOP,379,0,0
PSTART 20-05-2020 16:42:00 89 PSTOP,389,0,0
PSTART 20-05-2020 16:42:01 90 PSTOP,382,0,0
PSTART 20-05-2020 16:42:01 91 PSTOP,312,0,0
PSTART 20-05-2020 16:42:01 92 PSTOP,315,0,0
PSTART 20-05-2020 16:42:02 93 PSTOP,313,0,0
PSTART 20-05-2020 16:42:02 94 PSTOP,310,0,0
PSTART 20-05-2020 16:42:02 95 PSTOP,316,0,0
PSTART 20-05-2020 16:42:03 96 PSTOP,311,0,0
PSTART 20-05-2020 16:42:03 97 PSTOP,313,0,0
PSTART 20-05-2020 16:42:03 98 PSTOP,314,0,0
PSTART 20-05-2020 16:42:03 99 PSTOP,318,0,0
PSTART 20-05-2020 16:42:04 00 PSTOP,312,0,0
PSTART 20-05-2020 16:42:04 01 PSTOP,312,0,0
PSTART 20-05-2020 16:42:04 02 PSTOP,312,0,0
PSTART 20-05-2020 16:42:05 03 PSTOP,314,0,0
PSTART 20-05-2020 16:42:05 04 PSTOP,329,0,0
PSTART 20-05-2020 16:42:05 05 PSTOP,414,0,0
PSTART 20-05-2020 16:42:06 06 PSTOP,413,0,0
PSTART 20-05-2020 16:42:06 07 PSTOP,419,0,0
PSTART 20-05-2020 16:42:07 08 PSTOP,417,0,0
PSTART 20-05-2020 16:42:07 09 PSTOP,415,0,0
PSTART 20-05-2020 16:42:07 10 PSTOP,415,0,0
PSTART 20-05-2020 16:42:08 11 PSTOP,371,0,0
PSTART 20-05-2020 16:42:08 12 PSTOP,314,0,0
PSTART 20-05-2020 16:42:09 13 PSTOP,314,0,0
PSTART 20-05-2020 16:42:09 14 PSTOP,341,0,0
PSTART 20-05-2020 16:42:09 15 PSTOP,313,0,0
PSTART 20-05-2020 16:42:10 16 PSTOP,315,0,0
PSTART 20-05-2020 16:42:10 17 PSTOP,313,0,0
PSTART 20-05-2020 16:42:10 18 PSTOP,314,0,0
PSTART 20-05-2020 16:42:10 19 PSTOP,312,0,0
PSTART 20-05-2020 16:42:11 20 PSTOP,318,0,0
PSTART 20-05-2020 16:42:11 21 PSTOP,316,0,0
PSTART 20-05-2020 16:42:11 22 PSTOP,310,0,0
PSTART 20-05-2020 16:42:12 23 PSTOP,312,0,0
PSTART 20-05-2020 16:42:12 24 PSTOP,679,0,0
PSTART 20-05-2020 16:42:13 25 PSTOP,576,0,0
PSTART 20-05-2020 16:42:13 26 PSTOP,532,0,0
PSTART 20-05-2020 16:42:14 27 PSTOP,547,0,0
PSTART 20-05-2020 16:42:14 28 PSTOP,323,0,0
PSTART 20-05-2020 16:42:15 29 PSTOP,332,0,0
PSTART 20-05-2020 16:42:15 30 PSTOP,337,0,0
PSTART 20-05-2020 16:42:15 31 PSTOP,571,0,0
PSTART 20-05-2020 16:42:16 32 PSTOP,364,0,0
PSTART 20-05-2020 16:42:16 33 PSTOP,462,0,0
PSTART 20-05-2020 16:42:17 34 PSTOP,363,0,0
PSTART 20-05-2020 16:42:17 35 PSTOP,358,0,0
PSTART 20-05-2020 16:42:17 36 PSTOP,360,0,0
PSTART 20-05-2020 16:42:18 37 PSTOP,360,0,0
PSTART 20-05-2020 16:42:18 38 PSTOP,359,0,0
PSTART 20-05-2020 16:42:19 39 PSTOP,357,0,0
PSTART 20-05-2020 16:42:19 40 PSTOP,369,0,0
PSTART 20-05-2020 16:42:19 41 PSTOP,348,0,0
PSTART 20-05-2020 16:42:20 42 PSTOP,332,0,0
PSTART 20-05-2020 16:42:20 43 PSTOP,311,0,0
PSTART 20-05-2020 16:42:20 44 PSTOP,318,0,0
PSTART 20-05-2020 16:42:21 45 PSTOP,313,0,0
PSTART 20-05-2020 16:42:21 46 PSTOP,313,0,0
PSTART 20-05-2020 16:42:21 47 PSTOP,314,0,0
PSTART 20-05-2020 16:42:22 48 PSTOP,315,0,0
PSTART 20-05-2020 16:42:22 49 PSTOP,312,0,0
PSTART 20-05-2020 16:42:22 50 PSTOP,311,0,0
PSTART 20-05-2020 16:42:22 51 PSTOP,312,0,0
PSTART 20-05-2020 16:42:23 52 PSTOP,315,0,0
PSTART 20-05-2020 16:42:23 53 PSTOP,313,0,0
PSTART 20-05-2020 16:42:23 54 PSTOP,313,0,0
PSTART 20-05-2020 16:42:24 55 PSTOP,314,0,0
PSTART 20-05-2020 16:42:24 56 PSTOP,312,0,0
PSTART 20-05-2020 16:42:24 57 PSTOP,379,0,0
PSTART 20-05-2020 16:42:25 58 PSTOP,416,0,0
PSTART 20-05-2020 16:42:25 59 PSTOP,415,0,0
PSTART 20-05-2020 16:42:26 60 PSTOP,417,0,0
PSTART 20-05-2020 16:42:26 61 PSTOP,417,0,0
PSTART 20-05-2020 16:42:26 62 PSTOP,418,0,0
PSTART 20-05-2020 16:42:27 63 PSTOP,413,0,0
PSTART 20-05-2020 16:42:27 64 PSTOP,416,0,0
PSTART 20-05-2020 16:42:28 65 PSTOP,414,0,0
PSTART 20-05-2020 16:42:28 66 PSTOP,416,0,0
PSTART 20-05-2020 16:42:28 67 PSTOP,415,0,0
PSTART 20-05-2020 16:42:29 68 PSTOP,444,0,0
PSTART 20-05-2020 16:42:29 69 PSTOP,446,0,0
PSTART 20-05-2020 16:42:30 70 PSTOP,448,0,0
PSTART 20-05-2020 16:42:30 71 PSTOP,449,0,0
PSTART 20-05-2020 16:42:31 72 PSTOP,448,0,0
PSTART 20-05-2020 16:42:31 73 PSTOP,449,0,0
PSTART 20-05-2020 16:42:32 74 PSTOP,448,0,0
PSTART 20-05-2020 16:42:32 75 PSTOP,452,0,0
PSTART 20-05-2020 16:42:32 76 PSTOP,448,0,0
PSTART 20-05-2020 16:42:33 77 PSTOP,452,0,0
PSTART 20-05-2020 16:42:33 78 PSTOP,450,0,0
PSTART 20-05-2020 16:42:34 79 PSTOP,448,0,0
PSTART 20-05-2020 16:42:34 80 PSTOP,459,0,0
PSTART 20-05-2020 16:42:35 81 PSTOP,449,0,0
PSTART 20-05-2020 16:42:35 82 PSTOP,451,0,0
PSTART 20-05-2020 16:42:36 83 PSTOP,386,0,0
PSTART 20-05-2020 16:42:36 84 PSTOP,383,0,0
PSTART 20-05-2020 16:42:36 85 PSTOP,378,0,0
PSTART 20-05-2020 16:42:37 86 PSTOP,384,0,0
PSTART 20-05-2020 16:42:37 87 PSTOP,380,0,0
PSTART 20-05-2020 16:42:38 88 PSTOP,380,0,0
PSTART 20-05-2020 16:42:38 89 PSTOP,380,0,0
PSTART 20-05-2020 16:42:38 90 PSTOP,393,0,0
PSTART 20-05-2020 16:42:39 91 PSTOP,582,0,0
PSTART 20-05-2020 16:42:39 92 PSTOP,381,0,0
PSTART 20-05-2020 16:42:40 93 PSTOP,379,0,0
PSTART 20-05-2020 16:42:40 94 PSTOP,360,0,0
PSTART 20-05-2020 16:42:40 95 PSTOP,311,0,0
PSTART 20-05-2020 16:42:41 96 PSTOP,312,0,0
PSTART 20-05-2020 16:42:41 97 PSTOP,315,0,0
PSTART 20-05-2020 16:42:41 98 PSTOP,314,0,0
PSTART 20-05-2020 16:42:42 99 PSTOP,312,0,0
PSTART 20-05-2020 16:42:42 00 PSTOP,317,0,0
PSTART 20-05-2020 16:42:42 01 PSTOP,313,0,0
PSTART 20-05-2020 16:42:43 02 PSTOP,313,0,0
PSTART 20-05-2020 16:42:43 03 PSTOP,313,0,0
PSTART 20-05-2020 16:42:43 04 PSTOP,318,0,0
PSTART 20-05-2020 16:42:44 05 PSTOP,415,0,0
PSTART 20-05-2020 16:42:44 06 PSTOP,434,0,0
PSTART 20-05-2020 16:42:44 07 PSTOP,417,0,0
PSTART 20-05-2020 16:42:45 08 PSTOP,413,0,0
PSTART 20-05-2020 16:42:45 09 PSTOP,419,0,0
PSTART 20-05-2020 16:42:46 10 PSTOP,414,0,0
PSTART 20-05-2020 16:42:46 11 PSTOP,420,0,0
PSTART 20-05-2020 16:42:46 12 PSTOP,415,0,0
PSTART 20-05-2020 16:42:47 13 PSTOP,416,0,0
PSTART 20-05-2020 16:42:47 14 PSTOP,413,0,0
PSTART 20-05-2020 16:42:48 15 PSTOP,416,0,0
PSTART 20-05-2020 16:42:48 16 PSTOP,414,0,0
PSTART 20-05-2020 16:42:49 17 PSTOP,416,0,0
PSTART 20-05-2020 16:42:49 18 PSTOP,422,0,0
PSTART 20-05-2020 16:42:49 19 PSTOP,414,0,0
PSTART 20-05-2020 16:42:50 20 PSTOP,334,0,0
PSTART 20-05-2020 16:42:50 21 PSTOP,307,0,0
PSTART 20-05-2020 16:42:50 22 PSTOP,315,0,0
PSTART 20-05-2020 16:42:51 23 PSTOP,313,0,0
PSTART 20-05-2020 16:42:51 24 PSTOP,313,0,0
PSTART 20-05-2020 16:42:51 25 PSTOP,318,0,0
PSTART 20-05-2020 16:42:52 26 PSTOP,309,0,0
PSTART 20-05-2020 16:42:52 27 PSTOP,313,0,0
PSTART 20-05-2020 16:42:52 28 PSTOP,313,0,0
PSTART 20-05-2020 16:42:53 29 PSTOP,314,0,0
PSTART 20-05-2020 16:42:53 30 PSTOP,314,0,0
PSTART 20-05-2020 16:42:53 31 PSTOP,317,0,0
PSTART 20-05-2020 16:42:54 32 PSTOP,326,0,0
PSTART 20-05-2020 16:42:54 33 PSTOP,380,0,0
PSTART 20-05-2020 16:42:54 34 PSTOP,386,0,0
PSTART 20-05-2020 16:42:55 35 PSTOP,381,0,0
PSTART 20-05-2020 16:42:55 36 PSTOP,378,0,0
PSTART 20-05-2020 16:42:55 37 PSTOP,379,0,0
PSTART 20-05-2020 16:42:56 38 PSTOP,371,0,0
PSTART 20-05-2020 16:42:56 39 PSTOP,314,0,0
PSTART 20-05-2020 16:42:56 40 PSTOP,313,0,0
PSTART 20-05-2020 16:42:57 41 PSTOP,321,0,0
PSTART 20-05-2020 16:42:57 42 PSTOP,312,0,0
PSTART 20-05-2020 16:42:57 43 PSTOP,313,0,0
PSTART 20-05-2020 16:42:58 44 PSTOP,313,0,0
PSTART 20-05-2020 16:42:58 45 PSTOP,313,0,0
PSTART 20-05-2020 16:42:58 46 PSTOP,319,0,0
PSTART 20-05-2020 16:42:59 47 PSTOP,313,0,0
PSTART 20-05-2020 16:42:59 48 PSTOP,314,0,0
PSTART 20-05-2020 16:42:59 49 PSTOP,312,0,0
PSTART 20-05-2020 16:43:00 50 PSTOP,314,0,0
PSTART 20-05-2020 16:43:00 51 PSTOP,311,0,0
PSTART 20-05-2020 16:43:00 52 PSTOP,314,0,0
PSTART 20-05-2020 16:43:01 53 PSTOP,314,0,0
PSTART 20-05-2020 16:43:01 54 PSTOP,315,0,0
PSTART 20-05-2020 16:43:01 55 PSTOP,314,0,0
PSTART 20-05-2020 16:43:02 56 PSTOP,316,0,0
PSTART 20-05-2020 16:43:02 57 PSTOP,443,0,0
PSTART 20-05-2020 16:43:02 58 PSTOP,450,0,0
PSTART 20-05-2020 16:43:03 59 PSTOP,411,0,0
PSTART 20-05-2020 16:43:03 60 PSTOP,380,0,0
PSTART 20-05-2020 16:43:03 61 PSTOP,381,0,0
PSTART 20-05-2020 16:43:04 62 PSTOP,381,0,0
PSTART 20-05-2020 16:43:04 63 PSTOP,380,0,0
PSTART 20-05-2020 16:43:05 64 PSTOP,383,0,0
PSTART 20-05-2020 16:43:05 65 PSTOP,381,0,0
PSTART 20-05-2020 16:43:05 66 PSTOP,381,0,0
PSTART 20-05-2020 16:43:06 67 PSTOP,380,0,0
PSTART 20-05-2020 16:43:06 68 PSTOP,379,0,0
PSTART 20-05-2020 16:43:07 69 PSTOP,399,0,0
PSTART 20-05-2020 16:43:07 70 PSTOP,414,0,0
PSTART 20-05-2020 16:43:07 71 PSTOP,415,0,0
PSTART 20-05-2020 16:43:08 72 PSTOP,415,0,0
PSTART 20-05-2020 16:43:08 73 PSTOP,414,0,0
PSTART 20-05-2020 16:43:09 74 PSTOP,415,0,0
PSTART 20-05-2020 16:43:09 75 PSTOP,413,0,0
PSTART 20-05-2020 16:43:09 76 PSTOP,414,0,0
PSTART 20-05-2020 16:43:10 77 PSTOP,414,0,0
PSTART 20-05-2020 16:43:10 78 PSTOP,413,0,0
PSTART 20-05-2020 16:43:11 79 PSTOP,411,0,0
PSTART 20-05-2020 16:43:11 80 PSTOP,415,0,0
PSTART 20-05-2020 16:43:11 81 PSTOP,414,0,0
PSTART 20-05-2020 16:43:12 82 PSTOP,415,0,0
PSTART 20-05-2020 16:43:12 83 PSTOP,439,0,0
PSTART 20-05-2020 16:43:13 84 PSTOP,455,0,0
PSTART 20-05-2020 16:43:13 85 PSTOP,450,0,0
PSTART 20-05-2020 16:43:14 86 PSTOP,449,0,0
PSTART 20-05-2020 16:43:14 87 PSTOP,463,0,0
PSTART 20-05-2020 16:43:15 88 PSTOP,463,0,0
PSTART 20-05-2020 16:43:15 89 PSTOP,461,0,0
PSTART 20-05-2020 16:43:16 90 PSTOP,447,0,0
PSTART 20-05-2020 16:43:16 91 PSTOP,451,0,0
PSTART 20-05-2020 16:43:16 92 PSTOP,445,0,0
PSTART 20-05-2020 16:43:17 93 PSTOP,414,0,0
PSTART 20-05-2020 16:43:17 94 PSTOP,416,0,0
PSTART 20-05-2020 16:43:18 95 PSTOP,417,0,0
PSTART 20-05-2020 16:43:18 96 PSTOP,415,0,0
PSTART 20-05-2020 16:43:19 97 PSTOP,417,0,0
PSTART 20-05-2020 16:43:19 98 PSTOP,417,0,0
PSTART 20-05-2020 16:43:19 99 PSTOP,413,0,0
PSTART 20-05-2020 16:43:20 00 PSTOP,414,0,0
PSTART 20-05-2020 16:43:20 01 PSTOP,419,0,0
PSTART 20-05-2020 16:43:21 02 PSTOP,415,0,0
PSTART 20-05-2020 16:43:21 03 PSTOP,413,0,0
PSTART 20-05-2020 16:43:21 04 PSTOP,422,0,0
PSTART 20-05-2020 16:43:22 05 PSTOP,414,0,0
PSTART 20-05-2020 16:43:22 06 PSTOP,413,0,0
PSTART 20-05-2020 16:43:23 07 PSTOP,427,0,0
PSTART 20-05-2020 16:43:23 08 PSTOP,416,0,0
PSTART 20-05-2020 16:43:24 09 PSTOP,450,0,0
PSTART 20-05-2020 16:43:24 10 PSTOP,453,0,0
PSTART 20-05-2020 16:43:24 11 PSTOP,448,0,0
PSTART 20-05-2020 16:43:25 12 PSTOP,446,0,0
PSTART 20-05-2020 16:43:25 13 PSTOP,447,0,0
PSTART 20-05-2020 16:43:26 14 PSTOP,449,0,0
PSTART 20-05-2020 16:43:26 15 PSTOP,448,0,0
PSTART 20-05-2020 16:43:27 16 PSTOP,454,0,0
PSTART 20-05-2020 16:43:27 17 PSTOP,451,0,0
PSTART 20-05-2020 16:43:28 18 PSTOP,450,0,0
PSTART 20-05-2020 16:43:28 19 PSTOP,450,0,0
PSTART 20-05-2020 16:43:28 20 PSTOP,448,0,0
PSTART 20-05-2020 16:43:29 21 PSTOP,452,0,0
PSTART 20-05-2020 16:43:29 22 PSTOP,450,0,0
PSTART 20-05-2020 16:43:30 23 PSTOP,451,0,0
PSTART 20-05-2020 16:43:30 24 PSTOP,447,0,0
PSTART 20-05-2020 16:43:31 25 PSTOP,448,0,0
PSTART 20-05-2020 16:43:31 26 PSTOP,448,0,0
PSTART 20-05-2020 16:43:32 27 PSTOP,448,0,0
PSTART 20-05-2020 16:43:32 28 PSTOP,457,0,0
PSTART 20-05-2020 16:43:33 29 PSTOP,447,0,0
PSTART 20-05-2020 16:43:33 30 PSTOP,450,0,0
PSTART 20-05-2020 16:43:33 31 PSTOP,448,0,0
PSTART 20-05-2020 16:43:34 32 PSTOP,451,0,0
PSTART 20-05-2020 16:43:34 33 PSTOP,452,0,0
PSTART 20-05-2020 16:43:35 34 PSTOP,448,0,0
PSTART 20-05-2020 16:43:35 35 PSTOP,423,0,0
PSTART 20-05-2020 16:43:36 36 PSTOP,380,0,0
PSTART 20-05-2020 16:43:36 37 PSTOP,387,0,0
PSTART 20-05-2020 16:43:36 38 PSTOP,381,0,0
PSTART 20-05-2020 16:43:37 39 PSTOP,429,0,0
PSTART 20-05-2020 16:43:37 40 PSTOP,382,0,0
PSTART 20-05-2020 16:43:38 41 PSTOP,381,0,0
PSTART 20-05-2020 16:43:38 42 PSTOP,379,0,0
PSTART 20-05-2020 16:43:38 43 PSTOP,379,0,0
PSTART 20-05-2020 16:43:39 44 PSTOP,383,0,0
PSTART 20-05-2020 16:43:39 45 PSTOP,382,0,0
PSTART 20-05-2020 16:43:39 46 PSTOP,384,0,0
PSTART 20-05-2020 16:43:40 47 PSTOP,346,0,0
PSTART 20-05-2020 16:43:40 48 PSTOP,313,0,0
PSTART 20-05-2020 16:43:41 49 PSTOP,313,0,0
PSTART 20-05-2020 16:43:41 50 PSTOP,314,0,0
PSTART 20-05-2020 16:43:41 51 PSTOP,312,0,0
PSTART 20-05-2020 16:43:41 52 PSTOP,322,0,0
PSTART 20-05-2020 16:43:42 53 PSTOP,312,0,0
PSTART 20-05-2020 16:43:42 54 PSTOP,316,0,0
PSTART 20-05-2020 16:43:42 55 PSTOP,312,0,0
PSTART 20-05-2020 16:43:43 56 PSTOP,313,0,0
PSTART 20-05-2020 16:43:43 57 PSTOP,312,0,0
PSTART 20-05-2020 16:43:43 58 PSTOP,314,0,0
PSTART 20-05-2020 16:43:44 59 PSTOP,313,0,0
PSTART 20-05-2020 16:43:44 60 PSTOP,316,0,0
PSTART 20-05-2020 16:43:44 61 PSTOP,311,0,0
PSTART 20-05-2020 16:43:45 62 PSTOP,314,0,0
PSTART 20-05-2020 16:43:45 63 PSTOP,316,0,0
PSTART 20-05-2020 16:43:45 64 PSTOP,310,0,0
PSTART 20-05-2020 16:43:46 65 PSTOP,313,0,0
PSTART 20-05-2020 16:43:46 66 PSTOP,316,0,0
PSTART 20-05-2020 16:43:46 67 PSTOP,367,0,0
PSTART 20-05-2020 16:43:47 68 PSTOP,452,0,0
PSTART 20-05-2020 16:43:47 69 PSTOP,454,0,0
PSTART 20-05-2020 16:43:47 70 PSTOP,452,0,0
PSTART 20-05-2020 16:43:48 71 PSTOP,347,0,0
PSTART 20-05-2020 16:43:48 72 PSTOP,312,0,0
PSTART 20-05-2020 16:43:49 73 PSTOP,313,0,0
PSTART 20-05-2020 16:43:49 74 PSTOP,315,0,0
PSTART 20-05-2020 16:43:49 75 PSTOP,316,0,0
PSTART 20-05-2020 16:43:50 76 PSTOP,315,0,0
PSTART 20-05-2020 16:43:50 77 PSTOP,309,0,0
PSTART 20-05-2020 16:43:50 78 PSTOP,313,0,0
PSTART 20-05-2020 16:43:50 79 PSTOP,314,0,0
PSTART 20-05-2020 16:43:51 80 PSTOP,314,0,0
PSTART 20-05-2020 16:43:51 81 PSTOP,311,0,0
PSTART 20-05-2020 16:43:51 82 PSTOP,314,0,0
PSTART 20-05-2020 16:43:52 83 PSTOP,439,0,0
PSTART 20-05-2020 16:43:52 84 PSTOP,449,0,0
PSTART 20-05-2020 16:43:53 85 PSTOP,449,0,0
PSTART 20-05-2020 16:43:53 86 PSTOP,467,0,0
PSTART 20-05-2020 16:43:54 87 PSTOP,449,0,0
PSTART 20-05-2020 16:43:54 88 PSTOP,422,0,0
PSTART 20-05-2020 16:43:54 89 PSTOP,418,0,0
PSTART 20-05-2020 16:43:55 90 PSTOP,414,0,0
PSTART 20-05-2020 16:43:55 91 PSTOP,417,0,0
PSTART 20-05-2020 16:43:56 92 PSTOP,413,0,0
PSTART 20-05-2020 16:43:56 93 PSTOP,417,0,0
PSTART 20-05-2020 16:43:56 94 PSTOP,413,0,0
PSTART 20-05-2020 16:43:57 95 PSTOP,415,0,0
PSTART 20-05-2020 16:43:57 96 PSTOP,416,0,0
PSTART 20-05-2020 16:43:58 97 PSTOP,415,0,0
PSTART 20-05-2020 16:43:58 98 PSTOP,413,0,0
PSTART 20-05-2020 16:43:59 99 PSTOP,413,0,0
PSTART 20-05-2020 16:43:59 00 PSTOP,414,0,0
PSTART 20-05-2020 16:43:59 01 PSTOP,412,0,0
PSTART 20-05-2020 16:44:00 02 PSTOP,414,0,0
PSTART 20-05-2020 16:44:00 03 PSTOP,417,0,0
PSTART 20-05-2020 16:44:01 04 PSTOP,415,0,0
PSTART 20-05-2020 16:44:01 05 PSTOP,416,0,0
PSTART 20-05-2020 16:44:01 06 PSTOP,412,0,0
PSTART 20-05-2020 16:44:02 07 PSTOP,415,0,0
PSTART 20-05-2020 16:44:02 08 PSTOP,414,0,0
PSTART 20-05-2020 16:44:03 09 PSTOP,420,0,0
PSTART 20-05-2020 16:44:03 10 PSTOP,416,0,0
PSTART 20-05-2020 16:44:04 11 PSTOP,415,0,0
PSTART 20-05-2020 16:44:04 12 PSTOP,411,0,0
PSTART 20-05-2020 16:44:04 13 PSTOP,413,0,0
PSTART 20-05-2020 16:44:05 14 PSTOP,413,0,0
PSTART 20-05-2020 16:44:05 15 PSTOP,414,0,0
PSTART 20-05-2020 16:44:06 16 PSTOP,426,0,0
PSTART 20-05-2020 16:44:06 17 PSTOP,413,0,0
PSTART 20-05-2020 16:44:07 18 PSTOP,555,0,0
PSTART 20-05-2020 16:44:07 19 PSTOP,413,0,0
PSTART 20-05-2020 16:44:07 20 PSTOP,442,0,0
PSTART 20-05-2020 16:44:08 21 PSTOP,414,0,0
PSTART 20-05-2020 16:44:08 22 PSTOP,763,0,0
PSTART 20-05-2020 16:44:09 23 PSTOP,417,0,0
PSTART 20-05-2020 16:44:09 24 PSTOP,418,0,0
PSTART 20-05-2020 16:44:10 25 PSTOP,411,0,0
PSTART 20-05-2020 16:44:10 26 PSTOP,415,0,0
PSTART 20-05-2020 16:44:11 27 PSTOP,378,0,0
PSTART 20-05-2020 16:44:11 28 PSTOP,313,0,0
PSTART 20-05-2020 16:44:11 29 PSTOP,313,0,0
PSTART 20-05-2020 16:44:12 30 PSTOP,309,0,0
PSTART 20-05-2020 16:44:12 31 PSTOP,316,0,0
PSTART 20-05-2020 16:44:12 32 PSTOP,366,0,0
PSTART 20-05-2020 16:44:13 33 PSTOP,377,0,0
PSTART 20-05-2020 16:44:13 34 PSTOP,383,0,0
PSTART 20-05-2020 16:44:13 35 PSTOP,382,0,0
PSTART 20-05-2020 16:44:14 36 PSTOP,379,0,0
PSTART 20-05-2020 16:44:14 37 PSTOP,380,0,0
PSTART 20-05-2020 16:44:15 38 PSTOP,381,0,0
PSTART 20-05-2020 16:44:15 39 PSTOP,381,0,0
PSTART 20-05-2020 16:44:15 40 PSTOP,382,0,0
PSTART 20-05-2020 16:44:16 41 PSTOP,378,0,0
PSTART 20-05-2020 16:44:16 42 PSTOP,381,0,0
PSTART 20-05-2020 16:44:16 43 PSTOP,381,0,0
PSTART 20-05-2020 16:44:17 44 PSTOP,386,0,0
PSTART 20-05-2020 16:44:17 45 PSTOP,381,0,0
PSTART 20-05-2020 16:44:18 46 PSTOP,379,0,0
PSTART 20-05-2020 16:44:18 47 PSTOP,381,0,0
PSTART 20-05-2020 16:44:18 48 PSTOP,379,0,0
PSTART 20-05-2020 16:44:19 49 PSTOP,380,0,0
PSTART 20-05-2020 16:44:19 50 PSTOP,383,0,0
PSTART 20-05-2020 16:44:20 51 PSTOP,382,0,0
PSTART 20-05-2020 16:44:20 52 PSTOP,381,0,0
PSTART 20-05-2020 16:44:20 53 PSTOP,380,0,0
PSTART 20-05-2020 16:44:21 54 PSTOP,434,0,0
PSTART 20-05-2020 16:44:21 55 PSTOP,448,0,0
PSTART 20-05-2020 16:44:22 56 PSTOP,450,0,0
PSTART 20-05-2020 16:44:22 57 PSTOP,449,0,0
PSTART 20-05-2020 16:44:22 58 PSTOP,448,0,0
PSTART 20-05-2020 16:44:23 59 PSTOP,448,0,0
PSTART 20-05-2020 16:44:23 60 PSTOP,447,0,0
PSTART 20-05-2020 16:44:24 61 PSTOP,447,0,0
PSTART 20-05-2020 16:44:24 62 PSTOP,396,0,0
PSTART 20-05-2020 16:44:25 63 PSTOP,349,0,0
PSTART 20-05-2020 16:44:25 64 PSTOP,345,0,0
PSTART 20-05-2020 16:44:25 65 PSTOP,348,0,0
PSTART 20-05-2020 16:44:26 66 PSTOP,344,0,0
PSTART 20-05-2020 16:44:26 67 PSTOP,346,0,0
PSTART 20-05-2020 16:44:26 68 PSTOP,347,0,0
PSTART 20-05-2020 16:44:27 69 PSTOP,358,0,0
PSTART 20-05-2020 16:44:27 70 PSTOP,348,0,0
PSTART 20-05-2020 16:44:27 71 PSTOP,348,0,0
PSTART 20-05-2020 16:44:28 72 PSTOP,347,0,0
PSTART 20-05-2020 16:44:28 73 PSTOP,348,0,0
PSTART 20-05-2020 16:44:28 74 PSTOP,346,0,0
PSTART 20-05-2020 16:44:29 75 PSTOP,348,0,0
PSTART 20-05-2020 16:44:29 76 PSTOP,348,0,0
PSTART 20-05-2020 16:44:29 77 PSTOP,347,0,0
PSTART 20-05-2020 16:44:30 78 PSTOP,348,0,0
PSTART 20-05-2020 16:44:30 79 PSTOP,350,0,0
PSTART 20-05-2020 16:44:31 80 PSTOP,345,0,0
PSTART 20-05-2020 16:44:31 81 PSTOP,348,0,0
PSTART 20-05-2020 16:44:31 82 PSTOP,345,0,0
PSTART 20-05-2020 16:44:32 83 PSTOP,347,0,0
PSTART 20-05-2020 16:44:32 84 PSTOP,348,0,0
PSTART 20-05-2020 16:44:32 85 PSTOP,350,0,0
PSTART 20-05-2020 16:44:33 86 PSTOP,347,0,0
PSTART 20-05-2020 16:44:33 87 PSTOP,346,0,0
PSTART 20-05-2020 16:44:33 88 PSTOP,356,0,0
PSTART 20-05-2020 16:44:34 89 PSTOP,350,0,0
PSTART 20-05-2020 16:44:34 90 PSTOP,349,0,0
PSTART 20-05-2020 16:44:34 91 PSTOP,328,0,0
PSTART 20-05-2020 16:44:35 92 PSTOP,317,0,0
PSTART 20-05-2020 16:44:35 93 PSTOP,314,0,0
PSTART 20-05-2020 16:44:35 94 PSTOP,310,0,0
PSTART 20-05-2020 16:44:36 95 PSTOP,314,0,0
PSTART 20-05-2020 16:44:36 96 PSTOP,318,0,0
PSTART 20-05-2020 16:44:36 97 PSTOP,314,0,0
PSTART 20-05-2020 16:44:37 98 PSTOP,327,0,0
PSTART 20-05-2020 16:44:37 99 PSTOP,312,0,0
PSTART 20-05-2020 16:44:37 00 PSTOP,312,0,0
PSTART 20-05-2020 16:44:38 01 PSTOP,314,0,0
PSTART 20-05-2020 16:44:38 02 PSTOP,312,0,0
PSTART 20-05-2020 16:44:38 03 PSTOP,316,0,0
PSTART 20-05-2020 16:44:38 04 PSTOP,312,0,0
PSTART 20-05-2020 16:44:39 05 PSTOP,318,0,0
PSTART 20-05-2020 16:44:39 06 PSTOP,404,0,0
PSTART 20-05-2020 16:44:40 07 PSTOP,450,0,0
PSTART 20-05-2020 16:44:40 08 PSTOP,447,0,0
PSTART 20-05-2020 16:44:40 09 PSTOP,460,0,0
PSTART 20-05-2020 16:44:41 10 PSTOP,449,0,0
PSTART 20-05-2020 16:44:41 11 PSTOP,447,0,0
PSTART 20-05-2020 16:44:42 12 PSTOP,449,0,0
PSTART 20-05-2020 16:44:42 13 PSTOP,447,0,0
PSTART 20-05-2020 16:44:43 14 PSTOP,450,0,0
PSTART 20-05-2020 16:44:43 15 PSTOP,449,0,0
PSTART 20-05-2020 16:44:44 16 PSTOP,449,0,0
PSTART 20-05-2020 16:44:44 17 PSTOP,449,0,0
PSTART 20-05-2020 16:44:44 18 PSTOP,450,0,0
PSTART 20-05-2020 16:44:45 19 PSTOP,449,0,0
PSTART 20-05-2020 16:44:45 20 PSTOP,448,0,0
PSTART 20-05-2020 16:44:46 21 PSTOP,454,0,0
PSTART 20-05-2020 16:44:46 22 PSTOP,450,0,0
PSTART 20-05-2020 16:44:47 23 PSTOP,608,0,0
PSTART 20-05-2020 16:44:47 24 PSTOP,447,0,0
PSTART 20-05-2020 16:44:48 25 PSTOP,448,0,0
PSTART 20-05-2020 16:44:48 26 PSTOP,452,0,0
PSTART 20-05-2020 16:44:49 27 PSTOP,450,0,0
PSTART 20-05-2020 16:44:49 28 PSTOP,450,0,0
PSTART 20-05-2020 16:44:50 29 PSTOP,446,0,0
PSTART 20-05-2020 16:44:50 30 PSTOP,449,0,0
PSTART 20-05-2020 16:44:50 31 PSTOP,449,0,0
PSTART 20-05-2020 16:44:51 32 PSTOP,448,0,0
PSTART 20-05-2020 16:44:51 33 PSTOP,450,0,0
PSTART 20-05-2020 16:44:52 34 PSTOP,448,0,0
PSTART 20-05-2020 16:44:52 35 PSTOP,448,0,0
PSTART 20-05-2020 16:44:53 36 PSTOP,450,0,0
PSTART 20-05-2020 16:44:53 37 PSTOP,451,0,0
PSTART 20-05-2020 16:44:54 38 PSTOP,449,0,0
PSTART 20-05-2020 16:44:54 39 PSTOP,449,0,0
PSTART 20-05-2020 16:44:54 40 PSTOP,443,0,0
PSTART 20-05-2020 16:44:55 41 PSTOP,417,0,0
PSTART 20-05-2020 16:44:55 42 PSTOP,413,0,0
PSTART 20-05-2020 16:44:56 43 PSTOP,437,0,0
PSTART 20-05-2020 16:44:56 44 PSTOP,447,0,0
PSTART 20-05-2020 16:44:57 45 PSTOP,468,0,0
PSTART 20-05-2020 16:44:57 46 PSTOP,450,0,0
PSTART 20-05-2020 16:44:58 47 PSTOP,447,0,0
PSTART 20-05-2020 16:44:58 48 PSTOP,450,0,0
PSTART 20-05-2020 16:44:58 49 PSTOP,447,0,0
PSTART 20-05-2020 16:44:59 50 PSTOP,449,0,0
PSTART 20-05-2020 16:44:59 51 PSTOP,448,0,0
PSTART 20-05-2020 16:45:00 52 PSTOP,457,0,0
PSTART 20-05-2020 16:45:00 53 PSTOP,449,0,0
PSTART 20-05-2020 16:45:01 54 PSTOP,448,0,0
